,Date,skew
0,2015-03-02,104.87497128396832
1,2015-03-03,100.23126512480728
2,2015-03-04,100.26070153092584
3,2015-03-05,98.62763713376114
4,2015-03-06,99.34166371992767
5,2015-03-09,102.87410893540553
6,2015-03-10,100.50715588497542
7,2015-03-11,101.20350619451202
8,2015-03-12,106.29021738785039
9,2015-03-13,105.35707120363956
10,2015-03-16,110.01758792780225
11,2015-03-17,109.72562782082412
12,2015-03-26,104.64524961488031
13,2015-03-27,104.62992927704623
14,2015-03-30,111.15153002468709
15,2015-03-31,104.94138347781288
16,2015-04-01,107.57137740905694
17,2015-04-02,106.68603363919884
18,2015-04-03,108.09833293496516
19,2015-04-07,114.53505099785653
20,2015-04-08,111.25773656904816
21,2015-04-09,107.67593673626452
22,2015-04-10,112.06637483807208
23,2015-04-13,107.27837607554588
24,2015-04-14,103.42418373086319
25,2015-04-15,104.2493977295306
26,2015-04-16,111.4012364062097
27,2015-04-17,109.48350237685183
28,2015-04-20,101.55648951924704
29,2015-04-21,103.92374543837565
30,2015-04-22,107.26211006013804
31,2015-04-23,106.22122410076844
32,2015-04-24,104.7494019628572
33,2015-04-27,108.31017932327559
34,2015-04-28,104.48213395243341
35,2015-04-29,105.0640457424067
36,2015-04-30,103.97663590477602
37,2015-05-04,104.88743445750707
38,2015-05-05,101.89655651301611
39,2015-05-06,100.45985463896382
40,2015-05-07,99.7680255094841
41,2015-05-08,99.82326138886751
42,2015-05-11,100.85081738730668
43,2015-05-12,102.46443365885821
44,2015-05-13,101.64332810127644
45,2015-05-14,103.21177651374913
46,2015-05-15,101.05102604226025
47,2015-05-18,98.8692310282035
48,2015-05-19,101.94227006337347
49,2015-05-28,100.09017624977267
50,2015-05-29,100.4490828958725
51,2015-06-01,102.13722483850624
52,2015-06-02,102.91569726929079
53,2015-06-03,100.91897974546269
54,2015-06-04,104.22787825709923
55,2015-06-05,104.1302771132623
56,2015-06-08,111.10733229093304
57,2015-06-09,104.62789834408086
58,2015-06-10,102.91459308555102
59,2015-06-11,101.13599898771422
60,2015-06-12,101.56329200360378
61,2015-06-15,99.08850339487314
62,2015-06-16,94.72162495503173
63,2015-06-25,91.63995425269923
64,2015-06-26,74.74529465338782
65,2015-06-29,84.9322354571376
66,2015-06-30,93.84963201781451
67,2015-07-01,89.49533453396299
68,2015-07-02,88.19675883859556
69,2015-07-03,82.41444185405686
70,2015-07-06,92.57830673955951
71,2015-07-07,95.29576704456319
72,2015-07-08,79.77103517581668
73,2015-07-09,94.68283521608348
74,2015-07-10,99.20251093809733
75,2015-07-13,99.1939982772169
76,2015-07-14,94.25697701234529
77,2015-07-15,90.47370936236766
78,2015-07-16,91.82746220661434
79,2015-07-17,96.51873947476967
80,2015-07-20,92.31275306463799
81,2015-07-21,92.4795752358311
82,2015-07-22,90.73064211297704
83,2015-07-23,96.80503983801468
84,2015-07-24,91.9412235129937
85,2015-07-27,67.5383243232653
86,2015-07-28,86.38074241499103
87,2015-07-29,90.78843400542786
88,2015-07-30,77.64123153929731
89,2015-07-31,86.61233318182684
90,2015-08-03,86.2473211088142
91,2015-08-04,92.79837637658336
92,2015-08-05,89.86201214845292
93,2015-08-06,89.50643288813015
94,2015-08-07,92.46254009641392
95,2015-08-10,97.38193667501561
96,2015-08-11,96.4553038963459
97,2015-08-12,95.87746021003665
98,2015-08-13,96.69008115371821
99,2015-08-14,97.53467986003095
100,2015-08-17,94.77437827700017
101,2015-08-18,87.03874202316635
102,2015-08-27,94.22169409293558
103,2015-08-28,97.12644043102038
104,2015-08-31,97.77745849669547
105,2015-09-01,97.4389652647626
106,2015-09-02,98.02374913325613
107,2015-09-07,98.74491887515508
108,2015-09-08,101.24635982682695
109,2015-09-09,102.63058773283406
110,2015-09-10,102.26735631898448
111,2015-09-11,102.59006758921043
112,2015-09-14,102.65513927000966
113,2015-09-15,102.54236950219412
114,2015-09-24,105.020548224807
115,2015-09-25,103.75386725113054
116,2015-09-28,101.41970761955923
117,2015-09-29,100.24053831637484
118,2015-09-30,103.41691884358877
119,2015-10-08,103.8193330664086
120,2015-10-09,104.9044730087906
121,2015-10-12,111.94362750785848
122,2015-10-13,104.92041383075127
123,2015-10-14,104.628440967202
124,2015-10-15,107.54088103900646
125,2015-10-16,107.38259179152311
126,2015-10-19,105.36759851419204
127,2015-10-20,105.09677807812656
128,2015-10-21,102.45295109391705
129,2015-10-22,104.96638074185924
130,2015-10-23,105.1398094935206
131,2015-10-26,105.12395415752009
132,2015-10-27,104.78851571393265
133,2015-10-28,102.20053207430497
134,2015-10-29,101.82889657085933
135,2015-10-30,102.33364183890674
136,2015-11-02,100.36245765060468
137,2015-11-03,99.97269338871565
138,2015-11-04,105.23283915222576
139,2015-11-05,106.40968041864349
140,2015-11-06,107.41515680955187
141,2015-11-09,104.54180176427933
142,2015-11-10,101.26790965419295
143,2015-11-11,99.64117776421284
144,2015-11-12,97.16553674271765
145,2015-11-13,97.39341275418151
146,2015-11-16,97.45436581923803
147,2015-11-17,98.26916384066035
148,2015-11-26,99.6377203500675
149,2015-11-27,98.53947430852368
150,2015-11-30,99.65662504689215
151,2015-12-01,99.48137325762511
152,2015-12-02,100.74254060787338
153,2015-12-03,100.76682145046621
154,2015-12-04,98.60034554388352
155,2015-12-07,97.43580503227103
156,2015-12-08,96.94136945148222
157,2015-12-09,98.54118244553932
158,2015-12-10,98.27460977169426
159,2015-12-11,96.79803289526582
160,2015-12-14,99.89771578192347
161,2015-12-15,96.70643384257215
162,2015-12-24,105.0085166296768
163,2015-12-25,105.89228347898171
164,2015-12-28,100.01087696799657
165,2015-12-29,100.16279582583486
166,2015-12-30,99.69276692318712
167,2015-12-31,99.20302453460822
168,2016-01-04,84.0663675467717
169,2016-01-05,90.12686278700488
170,2016-01-06,92.52085428669734
171,2016-01-07,56.64411470188179
172,2016-01-08,92.09122457799295
173,2016-01-11,82.28033438212246
174,2016-01-12,90.07660273544325
175,2016-01-13,88.46801953657686
176,2016-01-14,94.39007745522746
177,2016-01-15,87.82848129424397
178,2016-01-18,91.72666096226038
179,2016-01-19,94.96040462049088
180,2016-01-20,90.2390081094535
181,2016-01-21,86.59581276785411
182,2016-01-22,90.77848631181723
183,2016-01-25,91.33501350463565
184,2016-01-26,76.12238028845874
185,2016-01-27,88.45066758937116
186,2016-01-28,86.14206479652492
187,2016-01-29,95.74530925809232
188,2016-02-01,93.6328548219574
189,2016-02-02,95.50404714118079
190,2016-02-03,94.94050625800266
191,2016-02-04,96.92904910558464
192,2016-02-05,95.44856627826033
193,2016-02-15,91.81604780081648
194,2016-02-16,96.516604868079
195,2016-02-25,92.00448586700297
196,2016-02-26,95.20473903792872
197,2016-02-29,93.32705245442384
198,2016-03-01,96.769546863194
199,2016-03-02,100.5189803264106
200,2016-03-03,100.58057779776348
201,2016-03-04,103.84336700799959
202,2016-03-07,103.47123096682427
203,2016-03-08,103.98140874191405
204,2016-03-09,102.06258082851198
205,2016-03-10,101.01702748255897
206,2016-03-11,100.95844065205944
207,2016-03-14,102.75433995826785
208,2016-03-15,101.88436049034479
209,2016-03-24,103.65279266894748
210,2016-03-25,103.07802663241124
211,2016-03-28,101.46211198549295
212,2016-03-29,100.69197618046705
213,2016-03-30,103.59043141417956
214,2016-03-31,103.50858981024362
215,2016-04-01,104.63290466596882
216,2016-04-05,105.50130308220065
217,2016-04-06,103.1749088656284
218,2016-04-07,101.07345345255659
219,2016-04-08,99.71531129924264
220,2016-04-11,100.82846760853816
221,2016-04-12,100.6479006186856
222,2016-04-13,101.93237284953256
223,2016-04-14,102.51856227020409
224,2016-04-15,102.47375304465278
225,2016-04-18,101.05911886089962
226,2016-04-19,101.31813788186528
227,2016-04-20,98.94284683678106
228,2016-04-21,100.50173143676902
229,2016-04-22,101.33627733041489
230,2016-04-25,100.4801986035612
231,2016-04-26,100.90430277081991
232,2016-04-27,100.192578877944
233,2016-04-28,99.97754172731005
234,2016-04-29,99.80956735983652
235,2016-05-03,100.60677830856856
236,2016-05-04,101.27497744578022
237,2016-05-05,101.43832552319876
238,2016-05-06,98.91846447762909
239,2016-05-09,98.56726751042189
240,2016-05-10,100.44731531450834
241,2016-05-11,102.06511100193143
242,2016-05-12,101.86885784889833
243,2016-05-13,101.59861420536163
244,2016-05-16,101.55370757454956
245,2016-05-17,100.30087032706196
246,2016-05-26,100.85001405741656
247,2016-05-27,101.4154217190598
248,2016-05-30,101.62684866465116
249,2016-05-31,102.57487451573265
250,2016-06-01,103.06664439597091
251,2016-06-02,99.9500624961937
252,2016-06-03,99.64294934888109
253,2016-06-06,101.04272111851829
254,2016-06-07,100.6168946466796
255,2016-06-08,102.54045959379715
256,2016-06-13,98.2261271714575
257,2016-06-14,99.54126246406075
258,2016-06-23,100.39652622801866
259,2016-06-24,99.26373862334499
260,2016-06-27,100.44137862261663
261,2016-06-28,100.38295642529691
262,2016-06-29,102.04153764262917
263,2016-06-30,102.98949963075856
264,2016-07-01,103.62638792155012
265,2016-07-04,105.30231831440499
266,2016-07-05,103.70078509460741
267,2016-07-06,102.5995406004905
268,2016-07-07,103.34160432312322
269,2016-07-08,102.6535059380844
270,2016-07-11,104.56340053551986
271,2016-07-12,107.92560798653395
272,2016-07-13,106.08598973092614
273,2016-07-14,105.31349832821668
274,2016-07-15,105.01982826871297
275,2016-07-18,104.04819387579508
276,2016-07-19,102.27381863498566
277,2016-07-20,99.76386734016138
278,2016-07-21,101.59424954494612
279,2016-07-22,100.67122538565738
280,2016-07-25,101.5508143882132
281,2016-07-26,102.6421885650696
282,2016-07-27,103.47152854164803
283,2016-07-28,101.62217058622446
284,2016-07-29,101.77524648876798
285,2016-08-01,102.80625808031334
286,2016-08-02,102.57235641415518
287,2016-08-03,102.6239213214843
288,2016-08-04,102.70915235464317
289,2016-08-05,103.8459354357891
290,2016-08-08,101.78512523703044
291,2016-08-09,104.41118356435811
292,2016-08-10,104.568292415104
293,2016-08-11,108.32021951051841
294,2016-08-12,109.52642922734177
295,2016-08-15,121.28506164767384
296,2016-08-16,105.95710860743407
297,2016-08-25,103.94424171473263
298,2016-08-26,103.93237340978635
299,2016-08-29,103.20273063940371
300,2016-08-30,103.56276617232054
301,2016-08-31,103.17878273530597
302,2016-09-01,100.32062616590906
303,2016-09-02,99.76160704075252
304,2016-09-05,100.56702532644019
305,2016-09-06,101.72470765685966
306,2016-09-07,102.7396748855432
307,2016-09-08,103.39803693255564
308,2016-09-09,105.440873935014
309,2016-09-12,101.73029464442357
310,2016-09-13,101.27514184978575
311,2016-09-14,99.03029376506619
312,2016-09-19,101.25991609389364
313,2016-09-20,102.55134786240113
314,2016-09-29,99.62002823900593
315,2016-09-30,99.76410213721881
316,2016-10-10,101.30266962609686
317,2016-10-11,101.41871290890883
318,2016-10-12,100.38030781884386
319,2016-10-13,101.17930284155621
320,2016-10-14,102.09452641084114
321,2016-10-17,109.43006788350722
322,2016-10-18,104.3402064398905
323,2016-10-19,101.19936182283057
324,2016-10-20,102.06894966455314
325,2016-10-21,103.63738584344817
326,2016-10-24,105.66496583596034
327,2016-10-25,105.13333751727936
328,2016-10-26,103.2514316712366
329,2016-10-27,102.3274562866502
330,2016-10-28,102.03815177691662
331,2016-10-31,102.09111516859758
332,2016-11-01,102.90178346972984
333,2016-11-02,104.92780531864737
334,2016-11-03,104.17891174754988
335,2016-11-04,102.38735819273427
336,2016-11-07,102.41942562098845
337,2016-11-08,104.03603726338874
338,2016-11-09,101.89645474955911
339,2016-11-10,107.46301099121484
340,2016-11-11,105.47796848728849
341,2016-11-14,107.33535428964443
342,2016-11-15,107.21268307689755
343,2016-11-24,112.85288507988813
344,2016-11-25,113.69318422858555
345,2016-11-28,109.17239799912576
346,2016-11-29,120.41161953111805
347,2016-11-30,107.06284146101221
348,2016-12-01,109.91641129201383
349,2016-12-02,106.79744300283899
350,2016-12-05,101.57642676515584
351,2016-12-06,100.67835980171084
352,2016-12-07,101.60378274283622
353,2016-12-08,102.61217302813746
354,2016-12-09,104.14000594422234
355,2016-12-12,100.57085235462586
356,2016-12-13,99.97451155144523
357,2016-12-14,99.22674248588358
358,2016-12-15,94.10409468837669
359,2016-12-16,95.41799679471184
360,2016-12-19,96.21249201268883
361,2016-12-20,93.65230507858239
362,2016-12-29,93.2966032831492
363,2016-12-30,94.50825108658321
364,2017-01-03,98.10099686046978
365,2017-01-04,99.1496673895538
366,2017-01-05,98.7358992318326
367,2017-01-06,99.18907833592894
368,2017-01-09,99.06520917355462
369,2017-01-10,98.35792336187961
370,2017-01-11,98.03384475236516
371,2017-01-12,100.53964560011161
372,2017-01-13,99.1028582406786
373,2017-01-16,100.66157554809871
374,2017-01-17,100.19018299410047
375,2017-01-18,105.04833788980321
376,2017-01-19,104.51621208711911
377,2017-01-20,102.42651060996914
378,2017-01-23,101.3795325908514
379,2017-01-24,101.71256361624165
380,2017-01-25,102.66267220464962
381,2017-01-26,105.25636663947913
382,2017-02-03,107.00913768676733
383,2017-02-06,108.403256473227
384,2017-02-07,105.71432565298313
385,2017-02-08,108.29419187092162
386,2017-02-09,102.81272600369662
387,2017-02-10,104.68193654781835
388,2017-02-13,106.15876361730132
389,2017-02-14,106.41702996897916
390,2017-02-23,108.79325533750233
391,2017-02-24,107.04358172684657
392,2017-02-27,103.40166101286121
393,2017-02-28,103.83643002338886
394,2017-03-01,103.97119764840409
395,2017-03-02,101.51078855822166
396,2017-03-03,100.102813981951
397,2017-03-06,101.19200073283622
398,2017-03-07,100.96676857909989
399,2017-03-08,101.00031372424014
400,2017-03-09,99.08634168426283
401,2017-03-10,102.07722140082952
402,2017-03-13,100.97324949316416
403,2017-03-14,101.88333573259037
404,2017-03-23,100.93934326535363
405,2017-03-24,99.10894108387082
406,2017-03-27,99.63455903173218
407,2017-03-28,99.37096942083913
408,2017-03-29,98.99083876849731
409,2017-03-30,102.91914001184307
410,2017-03-31,98.89742825125381
411,2017-04-05,106.39963315804394
412,2017-04-06,104.47234566212977
413,2017-04-07,104.1336224303312
414,2017-04-10,104.7476630288173
415,2017-04-11,104.36071738249068
416,2017-04-12,102.39730298965979
417,2017-04-13,102.31539791486223
418,2017-04-14,99.20753243008679
419,2017-04-17,100.23446616048952
420,2017-04-18,108.84590868264175
421,2017-04-19,96.94627700869265
422,2017-04-20,99.91375473938187
423,2017-04-21,103.27986987187553
424,2017-04-24,100.34084682852976
425,2017-04-25,102.91698618405515
426,2017-04-26,105.04482899890249
427,2017-04-27,106.05704745794924
428,2017-04-28,104.9911674945538
429,2017-05-02,104.79032249783684
430,2017-05-03,101.84126677388471
431,2017-05-04,99.33749468517352
432,2017-05-05,97.29268805690579
433,2017-05-08,97.88528818058776
434,2017-05-09,98.13268052840533
435,2017-05-10,103.89362882764301
436,2017-05-11,107.5999591703681
437,2017-05-12,102.38184593511639
438,2017-05-15,104.51689961355513
439,2017-05-16,106.1182184413861
440,2017-05-25,105.75134753958801
441,2017-05-26,109.60660184829362
442,2017-05-31,110.56752809428646
443,2017-06-01,111.98317660080066
444,2017-06-02,104.7010143906204
445,2017-06-05,103.54005750243125
446,2017-06-06,102.86068996085314
447,2017-06-07,106.21618625900382
448,2017-06-08,106.01958368995278
449,2017-06-09,107.8809937986433
450,2017-06-12,106.3277623098243
451,2017-06-13,105.85224947200098
452,2017-06-14,103.08973112317739
453,2017-06-15,102.32386295290453
454,2017-06-16,101.17648897635613
455,2017-06-19,103.40736431961933
456,2017-06-20,101.69750384414678
457,2017-06-29,103.23039293376549
458,2017-06-30,102.69783091007895
459,2017-07-03,102.4572182160307
460,2017-07-04,99.3620758040235
461,2017-07-05,102.81994537221811
462,2017-07-06,102.61235074869309
463,2017-07-07,101.41960144376677
464,2017-07-10,103.70982803686886
465,2017-07-11,104.17862185095944
466,2017-07-12,105.14512962278606
467,2017-07-13,107.98554859365309
468,2017-07-14,106.1616392262911
469,2017-07-17,108.07611743131606
470,2017-07-18,105.23764892922586
471,2017-07-19,108.62354872361314
472,2017-07-20,104.67614895594402
473,2017-07-21,102.74515208506668
474,2017-07-24,104.92393095136327
475,2017-07-25,104.80746639553902
476,2017-07-26,102.35811801367672
477,2017-07-27,101.66187967689878
478,2017-07-28,101.90141700128055
479,2017-07-31,102.61157999012408
480,2017-08-01,107.12705080549321
481,2017-08-02,108.23141592788232
482,2017-08-03,102.82912107349327
483,2017-08-04,102.31281598307996
484,2017-08-07,104.08629862086592
485,2017-08-08,104.55366621975497
486,2017-08-09,103.93179683599394
487,2017-08-10,102.44832042570435
488,2017-08-11,101.86068206254598
489,2017-08-14,105.71342085654167
490,2017-08-15,104.23940134133005
491,2017-08-24,109.9517806860945
492,2017-08-25,110.97935145395064
493,2017-08-28,115.44918162795766
494,2017-08-29,111.52450887263242
495,2017-08-30,109.48728373165956
496,2017-08-31,108.16120281335738
497,2017-09-01,107.38106575419594
498,2017-09-04,106.13252518309439
499,2017-09-05,109.3778958343787
500,2017-09-06,106.43271684359902
501,2017-09-07,107.24156277634542
502,2017-09-08,106.26464767991902
503,2017-09-11,103.4315909794394
504,2017-09-12,103.22172262586335
505,2017-09-13,104.57828773840684
506,2017-09-14,104.31471173106007
507,2017-09-15,105.287869417374
508,2017-09-18,104.14599997544445
509,2017-09-19,103.17911378331232
510,2017-09-28,95.49461231946525
511,2017-09-29,96.25998605412587
512,2017-10-09,99.8793503509467
513,2017-10-10,99.66177801179651
514,2017-10-11,101.9059502756664
515,2017-10-12,104.70043603518074
516,2017-10-13,105.50428437281175
517,2017-10-16,109.66662707509364
518,2017-10-17,107.10697878328656
519,2017-10-18,102.93062975172438
520,2017-10-19,103.20218441001228
521,2017-10-20,101.60375889300144
522,2017-10-23,107.04012245244762
523,2017-10-24,102.83176084952404
524,2017-10-25,103.40929416259911
525,2017-10-26,107.55191156660888
526,2017-10-27,109.0210066228286
527,2017-10-30,106.8922214401382
528,2017-10-31,107.42604298710803
529,2017-11-01,112.73556306647387
530,2017-11-02,108.92121819431243
531,2017-11-03,108.48648981264387
532,2017-11-06,115.35194204857939
533,2017-11-07,115.43860006223315
534,2017-11-08,113.57329714641375
535,2017-11-09,114.85402647463192
536,2017-11-10,113.61073817048913
537,2017-11-13,116.21600792619506
538,2017-11-14,109.74386278784594
539,2017-11-23,106.17371978371513
540,2017-11-24,103.47851015094668
541,2017-11-27,103.49370723679357
542,2017-11-28,102.22592177425037
543,2017-11-29,99.68572714308465
544,2017-11-30,101.3174944081027
545,2017-12-01,101.02697923376412
546,2017-12-04,101.2765638177198
547,2017-12-05,102.05951440413168
548,2017-12-06,100.1458456121498
549,2017-12-07,99.9353539643439
550,2017-12-08,99.70787178090806
551,2017-12-11,101.46339056960186
552,2017-12-12,99.39605538635503
553,2017-12-13,100.20251891487658
554,2017-12-14,98.24121437364334
555,2017-12-15,97.97713660448629
556,2017-12-18,97.71573161498904
557,2017-12-19,99.48406419760168
558,2017-12-28,95.18711629731327
559,2017-12-29,94.49923847918468
560,2018-01-02,97.9420248306839
561,2018-01-03,99.10622735927973
562,2018-01-04,99.6737004674539
563,2018-01-05,100.57905345987699
564,2018-01-08,100.56382851481189
565,2018-01-09,102.40746955394877
566,2018-01-10,101.91149063482892
567,2018-01-11,100.51171553939753
568,2018-01-12,103.02482243631984
569,2018-01-15,104.80317338843871
570,2018-01-16,102.14090857019008
571,2018-01-17,98.63978115851228
572,2018-01-18,97.31121125124905
573,2018-01-19,99.4826186107584
574,2018-01-22,101.48116530650009
575,2018-01-23,103.0637180782791
576,2018-01-24,102.83684491457201
577,2018-01-25,100.47825993898599
578,2018-01-26,101.27630699110183
579,2018-01-29,97.21728937104385
580,2018-01-30,97.08727823397982
581,2018-01-31,99.76190755292349
582,2018-02-01,101.28442973460245
583,2018-02-02,103.51868291082363
584,2018-02-05,105.73641202467398
585,2018-02-06,100.79343117595126
586,2018-02-07,98.96070393732626
587,2018-02-08,97.49398937371622
588,2018-02-09,94.44353968365354
589,2018-02-12,97.89124278555157
590,2018-02-13,99.2832136381685
591,2018-02-14,101.72407816949523
592,2018-03-01,100.70426923876691
593,2018-03-02,100.26740326692122
594,2018-03-05,101.07052204759873
595,2018-03-06,100.85640914176732
596,2018-03-07,99.75231781235627
597,2018-03-08,101.07193716462754
598,2018-03-09,100.42465961968568
599,2018-03-12,99.61191539742705
600,2018-03-13,100.01534669104214
601,2018-03-14,99.9866148315858
602,2018-03-15,101.03659955467927
603,2018-03-16,100.80026936082386
604,2018-03-19,102.66677803728994
605,2018-03-20,102.49019326680596
606,2018-03-29,99.27938386026662
607,2018-03-30,98.12148234326463
608,2018-04-02,98.25152637957353
609,2018-04-03,98.86017478505799
610,2018-04-04,99.08464651945864
611,2018-04-09,100.06491788166107
612,2018-04-10,103.2868375710237
613,2018-04-11,103.23651699804546
614,2018-04-12,101.80758324752271
615,2018-04-13,100.73346286624792
616,2018-04-16,96.95269784752121
617,2018-04-17,98.22401287143556
618,2018-04-18,99.40784185040205
619,2018-04-19,102.33524605497678
620,2018-04-20,99.52759485653594
621,2018-04-23,99.62433401035261
622,2018-04-24,102.06962697211704
623,2018-04-25,100.315347042109
624,2018-04-26,98.68261956165709
625,2018-04-27,97.55953032844555
626,2018-05-02,97.05152738559958
627,2018-05-03,97.45860167436764
628,2018-05-04,96.48847321616212
629,2018-05-07,97.84815933454486
630,2018-05-08,99.58308159339691
631,2018-05-09,98.96650506569308
632,2018-05-10,98.84903691633298
633,2018-05-11,98.90071980271183
634,2018-05-14,101.31821669061372
635,2018-05-15,100.14888667251373
636,2018-05-24,92.67172974978597
637,2018-05-25,92.20394101066738
638,2018-05-28,93.27237067420066
639,2018-05-29,93.82592866022506
640,2018-05-30,94.38893478757761
641,2018-05-31,97.90023465898138
642,2018-06-04,100.71826049897959
643,2018-06-05,99.98746780126184
644,2018-06-06,99.64008635554649
645,2018-06-07,100.81257224125763
646,2018-06-08,100.17902307199282
647,2018-06-11,101.71731635164923
648,2018-06-12,103.25997157633789
649,2018-06-13,102.65849599664413
650,2018-06-14,103.50740045398354
651,2018-06-15,104.14992940974912
652,2018-06-19,100.16691104373525
653,2018-06-28,99.09268466775148
654,2018-06-29,101.38893893936428
655,2018-07-02,96.70770672570512
656,2018-07-03,99.04372885181714
657,2018-07-04,99.29987441995749
658,2018-07-05,99.71679275177736
659,2018-07-06,101.74744036220513
660,2018-07-09,105.71142388516567
661,2018-07-10,105.35055256463816
662,2018-07-11,104.17936745131297
663,2018-07-12,105.79133957701418
664,2018-07-13,104.97158048328573
665,2018-07-16,104.56346041176567
666,2018-07-17,103.6986279011861
667,2018-07-18,104.7560603551633
668,2018-07-19,106.30870632809909
669,2018-07-20,108.48984914478707
670,2018-07-23,107.34604847938799
671,2018-07-24,107.63845949864962
672,2018-07-25,105.32868404255028
673,2018-07-26,103.70886024610694
674,2018-07-27,103.18938486019513
675,2018-07-30,103.6429501163032
676,2018-07-31,104.174011971863
677,2018-08-01,103.63575937931981
678,2018-08-02,101.19949250697435
679,2018-08-03,99.57264071782238
680,2018-08-06,99.40796075759846
681,2018-08-07,101.11036907143597
682,2018-08-08,100.60954548830145
683,2018-08-09,101.26282075402081
684,2018-08-10,100.4931298022498
685,2018-08-13,99.80389895450288
686,2018-08-14,99.49969625665773
687,2018-08-23,99.18961813942745
688,2018-08-24,100.430409522133
689,2018-08-27,102.02398921107078
690,2018-08-28,101.66224101445141
691,2018-08-29,101.71400762862321
692,2018-08-30,101.55522482074002
693,2018-08-31,100.35182712451177
694,2018-09-03,100.8821577215165
695,2018-09-04,101.71089113875897
696,2018-09-05,99.70407640986078
697,2018-09-06,98.80722750888832
698,2018-09-07,101.02903703292425
699,2018-09-10,100.11622605826727
700,2018-09-11,98.27982161889219
701,2018-09-12,97.70028924806932
702,2018-09-13,98.43985040878708
703,2018-09-14,98.57154893081571
704,2018-09-17,98.80929166888977
705,2018-09-18,101.26125243848463
706,2018-09-27,102.89691057426329
707,2018-09-28,103.46579260289403
708,2018-10-08,96.65282268027383
709,2018-10-09,99.67998125974206
710,2018-10-10,99.87888538768645
711,2018-10-11,95.44456974552503
712,2018-10-12,100.80721462368302
713,2018-10-15,98.54198094714386
714,2018-10-16,99.33739300543289
715,2018-10-17,98.75602943749273
716,2018-10-18,95.78251187629313
717,2018-10-19,100.55168277271645
718,2018-10-22,103.6377385202728
719,2018-10-23,98.88908533196069
720,2018-10-24,101.06913869821229
721,2018-10-25,101.72546293583612
722,2018-10-26,100.44991193130922
723,2018-10-29,97.07346616845497
724,2018-10-30,98.7180263905151
725,2018-10-31,100.52648736354706
726,2018-11-01,101.49553074186971
727,2018-11-02,104.77645299342159
728,2018-11-05,101.88611332308734
729,2018-11-06,101.08445576197919
730,2018-11-07,100.5567703878111
731,2018-11-08,101.3245114962306
732,2018-11-09,98.8194680987784
733,2018-11-12,98.59822298748169
734,2018-11-13,99.81978932562832
735,2018-11-14,98.5761986737414
736,2018-11-15,99.85359792382387
737,2018-11-16,99.69276692523543
738,2018-11-19,101.31087182840817
739,2018-11-20,99.57575672395255
740,2018-11-29,99.33125038373332
741,2018-12-03,102.37992015096482
742,2018-12-04,102.35988469216139
743,2018-12-05,102.41231049128973
744,2018-12-06,100.02243383862606
745,2018-12-07,100.18852941256372
746,2018-12-10,99.36074795111546
747,2018-12-11,99.20716977744834
748,2018-12-12,100.19546069909248
749,2018-12-13,100.40726410819745
750,2018-12-14,99.41228519729603
751,2018-12-17,99.54263813600582
752,2018-12-18,97.58070170946688
753,2018-12-27,98.36737127786732
754,2018-12-28,98.63616156602876
755,2019-01-02,97.39721218313218
756,2019-01-03,99.29454273845505
757,2019-01-04,101.28827335133896
758,2019-01-07,100.98069172381092
759,2019-01-08,100.60145012007489
760,2019-01-09,102.49229946048108
761,2019-01-10,102.64881392879634
762,2019-01-11,104.43983244537735
763,2019-01-14,102.06327838682812
764,2019-01-15,103.68906856241165
765,2019-01-16,105.45332484992815
766,2019-01-17,105.17748178273706
767,2019-01-18,105.58451921214714
768,2019-01-21,106.5862901016218
769,2019-01-22,103.2578640560378
770,2019-01-23,103.70128491036029
771,2019-01-24,103.45023054536816
772,2019-01-25,106.71989699196565
773,2019-01-28,105.40780447905054
774,2019-01-29,106.34295140322637
775,2019-01-30,104.57522186830883
776,2019-01-31,105.61415688954129
777,2019-02-01,107.37520014119973
778,2019-02-11,106.84457049185697
779,2019-02-12,106.81765947724107
780,2019-02-13,108.43850461757178
781,2019-02-14,106.37199554696785
782,2019-02-15,103.55450803328159
783,2019-02-18,105.85923225398462
784,2019-02-19,104.78841284125357
785,2019-02-28,101.99383111335736
786,2019-03-01,105.78730098581342
787,2019-03-04,106.13627263928676
788,2019-03-05,105.27188410919916
789,2019-03-06,104.22516469460612
790,2019-03-07,102.07981193401056
791,2019-03-08,99.65383018509664
792,2019-03-11,99.52308250850436
793,2019-03-12,100.47986381534307
794,2019-03-13,101.63014417953497
795,2019-03-14,100.93959849106578
796,2019-03-15,102.77764692383211
797,2019-03-18,105.08366287978254
798,2019-03-19,103.49128429123826
799,2019-03-28,98.95374063139033
800,2019-03-29,103.92902738650606
801,2019-04-01,106.77152534327496
802,2019-04-02,102.03757951021842
803,2019-04-03,103.07073092881821
804,2019-04-04,102.66897454197057
805,2019-04-08,101.81223974961752
806,2019-04-09,101.59426370117893
807,2019-04-10,101.05041531918077
808,2019-04-11,100.31874622866114
809,2019-04-12,98.98744179526379
810,2019-04-15,99.19741894757001
811,2019-04-16,103.17694329047777
812,2019-04-17,99.8224759407383
813,2019-04-18,99.19470119636519
814,2019-04-19,101.29333581243768
815,2019-04-22,98.41062910733541
816,2019-04-23,98.99123373274992
817,2019-04-24,98.50715449694789
818,2019-04-25,97.24815762766698
819,2019-04-26,96.07988675053957
820,2019-04-29,99.41232388626463
821,2019-04-30,99.29545912932701
822,2019-05-06,98.39857656851652
823,2019-05-07,96.88105460116925
824,2019-05-08,98.1008985754238
825,2019-05-09,95.71864737510757
826,2019-05-10,99.46116045326208
827,2019-05-13,98.39714077034577
828,2019-05-14,99.14625014804393
829,2019-05-23,101.74030510984579
830,2019-05-24,102.29155107068048
831,2019-05-27,101.73507427594136
832,2019-05-28,104.28606596331477
833,2019-05-29,104.66218112658801
834,2019-05-30,103.68801136026624
835,2019-05-31,102.51046738612705
836,2019-06-03,103.01896865170774
837,2019-06-04,101.65200813484618
838,2019-06-05,101.70794304249915
839,2019-06-06,101.42133861585845
840,2019-06-10,103.394349517602
841,2019-06-11,103.77904415447279
842,2019-06-12,103.09626178730335
843,2019-06-13,104.5813583107229
844,2019-06-14,103.9760658823938
845,2019-06-17,104.15405830989314
846,2019-06-18,104.56087273452299
847,2019-06-27,98.96335219530495
848,2019-06-28,98.90207448133188
849,2019-07-01,100.93938345560781
850,2019-07-02,100.42736239985663
851,2019-07-03,99.7120453190859
852,2019-07-04,99.00928643596323
853,2019-07-05,99.68373037725165
854,2019-07-08,98.80194133230387
855,2019-07-09,97.86274994327326
856,2019-07-10,97.56766320456137
857,2019-07-11,97.89010287562319
858,2019-07-12,98.36026658954306
859,2019-07-15,97.18150094349562
860,2019-07-16,97.27336499391183
861,2019-07-17,94.15455953955619
862,2019-07-18,93.69120656621172
863,2019-07-19,93.96399251967716
864,2019-07-22,95.00148655302712
865,2019-07-23,94.45904301160486
866,2019-07-24,95.13569048483848
867,2019-07-25,97.2449283756511
868,2019-07-26,97.01051466099774
869,2019-07-29,97.5422747152596
870,2019-07-30,98.63885549149815
871,2019-07-31,97.9540700686603
872,2019-08-01,98.62907830634316
873,2019-08-02,97.44758816761167
874,2019-08-05,96.25531190167169
875,2019-08-06,97.79218256184053
876,2019-08-07,99.7043452978624
877,2019-08-08,100.61977536174452
878,2019-08-09,100.92955638545277
879,2019-08-12,100.92580357714564
880,2019-08-13,101.5480280014684
881,2019-08-14,101.73276875028104
882,2019-08-15,100.43813745501532
883,2019-08-16,101.3447043795234
884,2019-08-19,102.09673878299252
885,2019-08-20,102.53170134394344
886,2019-08-29,106.13645084477346
887,2019-08-30,105.02840928366967
888,2019-09-02,104.8199889228394
889,2019-09-03,104.17992215773722
890,2019-09-04,104.81882951856299
891,2019-09-05,105.3428165961399
892,2019-09-06,104.68761108932922
893,2019-09-09,103.70173944861216
894,2019-09-10,103.9779687114838
895,2019-09-11,103.19563083691293
896,2019-09-12,105.90003885063206
897,2019-09-16,103.83575206427881
898,2019-09-17,103.1452455159338
899,2019-09-27,98.41996932375108
900,2019-09-30,96.63044936744133
901,2019-10-08,98.64851099020062
902,2019-10-09,98.2736579629782
903,2019-10-10,98.37826805352981
904,2019-10-11,99.91140568318832
905,2019-10-14,105.6741705828622
906,2019-10-15,109.9545237400512
907,2019-10-16,99.5322606385459
908,2019-10-17,99.85410477415547
909,2019-10-18,97.5248870724186
910,2019-10-21,98.43683490136
911,2019-10-22,98.49107539670733
912,2019-10-23,97.17111863802872
913,2019-10-24,98.76390279599904
914,2019-10-25,98.4135567507337
915,2019-10-28,98.72831152530978
916,2019-10-29,99.43630753698675
917,2019-10-30,98.3068088718736
918,2019-10-31,99.48707976427485
919,2019-11-01,102.14810049568662
920,2019-11-04,105.1297400364913
921,2019-11-05,105.25081400276515
922,2019-11-06,106.26117507942934
923,2019-11-07,106.77972550128523
924,2019-11-08,104.45211542009656
925,2019-11-11,100.87914251146856
926,2019-11-12,100.78093384686161
927,2019-11-13,100.43955923267593
928,2019-11-14,101.13997099730717
929,2019-11-15,101.37685750583894
930,2019-11-18,105.653933040121
931,2019-11-19,108.48619906105256
932,2019-11-28,102.1011311040842
933,2019-11-29,99.50411291221654
934,2019-12-02,99.89328482209163
935,2019-12-03,100.75391757090557
936,2019-12-04,99.43564489049942
937,2019-12-05,100.5769215912055
938,2019-12-09,100.31355799253578
939,2019-12-10,101.5999534476682
940,2019-12-11,101.29278722417872
941,2019-12-12,101.57648771805952
942,2019-12-13,100.97036399570871
943,2019-12-16,103.03093134742358
944,2019-12-17,102.2337012759695
945,2019-12-26,97.37171067139046
946,2019-12-27,98.1527486861988
947,2019-12-30,99.3964452260446
948,2019-12-31,97.45263902552526
949,2020-01-02,99.38007384688542
950,2020-01-03,98.48791018875625
951,2020-01-06,97.37323586552408
952,2020-01-07,97.98753406872144
953,2020-01-08,97.35676748193015
954,2020-01-09,97.97602947005024
955,2020-01-10,98.2735641209179
956,2020-01-13,98.77666949994872
957,2020-01-14,100.34519834559543
958,2020-01-15,97.34708349406611
959,2020-01-16,96.42311617301277
960,2020-01-17,97.16152913930922
961,2020-01-20,98.31916265917987
962,2020-01-21,96.29996850607192
963,2020-01-22,95.94225955589255
964,2020-01-23,92.25456338222372
965,2020-02-04,98.92423499391157
966,2020-02-05,101.01901224057806
967,2020-02-06,101.34737450664372
968,2020-02-07,101.97735079197295
969,2020-02-10,100.14098819925037
970,2020-02-11,101.14847548982907
971,2020-02-12,101.62781422016829
972,2020-02-13,102.40914952820604
973,2020-02-14,103.50551389042833
974,2020-02-17,103.56756050869663
975,2020-02-18,102.35716232355088
976,2020-02-27,101.72792564947166
977,2020-02-28,101.05210274094713
978,2020-03-02,103.46257109095991
979,2020-03-03,102.73958770277041
980,2020-03-04,103.79515413833401
981,2020-03-05,103.80621425800076
982,2020-03-06,102.1139752035974
983,2020-03-09,101.12209959970534
984,2020-03-10,100.94563428103257
985,2020-03-11,100.21698436642943
986,2020-03-12,98.85677595285372
987,2020-03-13,97.10403143161328
988,2020-03-16,87.9906757743878
989,2020-03-17,92.64405508750346
990,2020-03-26,99.70558640276614
991,2020-03-27,100.64605657551586
992,2020-03-30,100.8538822463192
993,2020-03-31,99.89741068381012
994,2020-04-01,100.71543298222716
995,2020-04-02,101.54579801074797
996,2020-04-03,102.09430773578961
997,2020-04-07,103.50905711353084
998,2020-04-08,102.72976154979148
999,2020-04-09,102.91163506135742
1000,2020-04-10,103.64888113533094
1001,2020-04-13,102.63892723179075
1002,2020-04-14,103.61198847913877
1003,2020-04-15,105.7074684014102
1004,2020-04-16,106.5532725227136
1005,2020-04-17,107.04865266265257
1006,2020-04-20,105.77132559117958
1007,2020-04-21,104.69610200772108
1008,2020-04-22,105.29410297429244
1009,2020-04-23,104.5456527584882
1010,2020-04-24,105.43609092773674
1011,2020-04-27,
1012,2020-04-28,107.93379985646152
1013,2020-04-29,
1014,2020-04-30,
1015,2020-05-06,
1016,2020-05-07,104.7381236086154
1017,2020-05-08,
1018,2020-05-11,104.72362533658563
1019,2020-05-12,105.29086436047577
1020,2020-05-13,103.92469795674633
1021,2020-05-14,104.22248586094096
1022,2020-05-15,103.47116900604486
1023,2020-05-18,105.40367873656628
1024,2020-05-19,105.28306877618476
1025,2020-05-28,105.36280922334312
1026,2020-05-29,105.46289275008431
1027,2020-06-01,106.73999344803846
1028,2020-06-02,105.77114837978786
1029,2020-06-03,104.80824449151953
1030,2020-06-04,104.48839964035778
1031,2020-06-05,105.03642999267504
1032,2020-06-09,105.26588908012194
1033,2020-06-10,105.89781226414284
1034,2020-06-11,105.71921837161227
1035,2020-06-12,106.61335150180376
1036,2020-06-15,104.02822521203915
1037,2020-06-16,104.44915204081491
1038,2020-06-29,103.81036347372185
1039,2020-06-30,103.64345992674048
1040,2020-07-01,104.98326945784424
1041,2020-07-02,102.55102764982783
1042,2020-07-03,103.28953576508087
1043,2020-07-06,112.93025310372477
1044,2020-07-07,103.90662636176019
1045,2020-07-08,100.84052085236188
1046,2020-07-09,101.69223969160971
1047,2020-07-10,100.87523857669284
1048,2020-07-13,100.3076494582345
1049,2020-07-14,102.42846049337497
1050,2020-07-15,96.75725313576014
1051,2020-07-16,95.41170666972566
1052,2020-07-17,97.5141414384363
1053,2020-07-20,97.26527131700826
1054,2020-07-21,98.7869662016039
1055,2020-07-22,99.15763330857827
1056,2020-07-23,99.80498087382897
1057,2020-07-24,98.92455112921712
1058,2020-07-27,99.32178626293685
1059,2020-07-28,98.97943642672898
1060,2020-07-29,99.72664829778506
1061,2020-07-30,100.71462092534017
1062,2020-07-31,100.22788376921177
1063,2020-08-03,100.40678014755505
1064,2020-08-04,101.96324700875772
1065,2020-08-05,101.46191234597819
1066,2020-08-06,101.34145514764535
1067,2020-08-07,102.41819634179929
1068,2020-08-10,102.59791077250954
1069,2020-08-11,103.09112812449644
1070,2020-08-12,104.01682659570422
1071,2020-08-13,103.970589758664
1072,2020-08-14,103.35256120927141
1073,2020-08-17,102.9499347118232
1074,2020-08-18,104.16709531574317
1075,2020-08-27,103.31348145784243
1076,2020-08-28,104.03712333493564
1077,2020-08-31,104.40447810353233
1078,2020-09-01,102.05941255034664
1079,2020-09-02,103.65799750652995
1080,2020-09-03,103.91394494142178
1081,2020-09-04,103.36372036822266
1082,2020-09-07,102.70759893522633
1083,2020-09-08,101.11750018586108
1084,2020-09-09,101.36511350169155
1085,2020-09-10,103.72464663721203
1086,2020-09-11,101.7089659450455
1087,2020-09-14,104.31614462481863
1088,2020-09-15,106.54130688440891
1089,2020-09-24,98.1224817962501
1090,2020-09-25,98.55151890231816
1091,2020-09-28,98.5377322238824
1092,2020-09-29,98.30741530464239
1093,2020-09-30,98.56152511148179
1094,2020-10-09,99.99266726677496
1095,2020-10-12,100.79430043062607
1096,2020-10-13,100.18419517746895
1097,2020-10-14,100.40798415193969
1098,2020-10-15,100.67082615953838
1099,2020-10-16,100.67780760579186
1100,2020-10-19,99.82547239449406
1101,2020-10-20,100.09658406660742
1102,2020-10-21,100.8861141494286
1103,2020-10-22,101.02490945872432
1104,2020-10-23,100.21702386941622
1105,2020-10-26,100.69095162017848
1106,2020-10-27,100.62628494634039
1107,2020-10-28,100.66531410404997
1108,2020-10-29,101.83288083606269
1109,2020-10-30,102.13592623870318
1110,2020-11-02,100.80494039884549
1111,2020-11-03,101.15820984926516
1112,2020-11-04,102.4018721863067
1113,2020-11-05,101.16041840810415
1114,2020-11-06,101.0436531476406
1115,2020-11-09,101.55176739547726
1116,2020-11-10,102.20563379960055
1117,2020-11-11,103.57310847629316
1118,2020-11-12,103.18003155071284
1119,2020-11-13,104.95503744178193
1120,2020-11-16,102.81752506571817
1121,2020-11-17,103.44535505157594
1122,2020-11-26,103.59465224394079
1123,2020-11-27,105.66766004639834
1124,2020-11-30,106.50344355082197
1125,2020-12-01,104.13631583098052
1126,2020-12-02,101.08717569393161
1127,2020-12-03,100.535624575503
1128,2020-12-04,100.98189133282158
1129,2020-12-07,101.66241449519873
1130,2020-12-08,101.23035175045257
1131,2020-12-09,102.03753575461211
1132,2020-12-10,103.04367217089056
1133,2020-12-11,104.27586146031466
1134,2020-12-14,104.45909202450967
1135,2020-12-15,107.02518612062221
1136,2020-12-24,99.62724375014591
1137,2020-12-25,99.91119986268876
1138,2020-12-28,99.67912692677568
1139,2020-12-29,99.34172977896577
1140,2020-12-30,98.90543749593817
1141,2020-12-31,99.67301364763816
1142,2021-01-04,99.8854962470415
1143,2021-01-05,101.3325426764258
1144,2021-01-06,101.26484784051371
1145,2021-01-07,102.66774388774539
1146,2021-01-08,101.00675995216031
1147,2021-01-11,102.92156223879226
1148,2021-01-12,104.10018926054455
1149,2021-01-13,102.695576893764
1150,2021-01-14,101.01436889963003
1151,2021-01-15,101.22058498344816
1152,2021-01-18,102.53249145766416
1153,2021-01-19,103.52395318802546
1154,2021-01-20,102.07572880776627
1155,2021-01-21,101.29619460422502
1156,2021-01-22,101.5515270034539
1157,2021-01-25,103.71223694192521
1158,2021-01-26,102.79650340522288
1159,2021-01-27,102.57473005192001
1160,2021-01-28,102.59240121771782
1161,2021-01-29,101.39277470190189
1162,2021-02-01,103.28319519319977
1163,2021-02-02,104.55506023763752
1164,2021-02-03,106.88056852769952
1165,2021-02-04,107.55065535936696
1166,2021-02-05,105.89121384954674
1167,2021-02-08,107.307292932292
1168,2021-02-09,107.98962658498195
1169,2021-02-10,110.146137255509
1170,2021-02-25,105.38047998480202
1171,2021-02-26,103.62744099756983
1172,2021-03-01,103.81109180804401
1173,2021-03-02,102.39252776765846
1174,2021-03-03,102.48646727156397
1175,2021-03-04,100.27106510745958
1176,2021-03-05,101.09700651471579
1177,2021-03-08,99.21943982248301
1178,2021-03-09,98.5125033649381
1179,2021-03-10,100.1587845446914
1180,2021-03-11,100.76108728354407
1181,2021-03-12,101.07210864703775
1182,2021-03-15,101.11668554660355
1183,2021-03-16,101.68336483828736
1184,2021-03-25,99.91443045157408
1185,2021-03-26,100.17749784755513
1186,2021-03-29,100.64966182626901
1187,2021-03-30,102.75206032095126
1188,2021-03-31,101.17151590758817
1189,2021-04-01,102.09165761348527
1190,2021-04-02,103.79724020678282
1191,2021-04-06,101.57046312497448
1192,2021-04-07,101.03576569770087
1193,2021-04-08,103.30822732773824
1194,2021-04-09,105.26113930268531
1195,2021-04-12,102.35067010233988
1196,2021-04-13,101.91540757727611
1197,2021-04-14,101.81290098878436
1198,2021-04-15,100.19546008584895
1199,2021-04-16,101.49156968156029
1200,2021-04-19,100.86288331650893
1201,2021-04-20,107.28422268669509
1202,2021-04-21,104.29826857672296
1203,2021-04-22,102.55515613385911
1204,2021-04-23,102.51903759785864
1205,2021-04-26,102.16907246629034
1206,2021-04-27,102.96906982657427
1207,2021-04-28,104.0396970152595
1208,2021-04-29,102.59550745609852
1209,2021-04-30,104.74643703158583
1210,2021-05-06,100.56664188263869
1211,2021-05-07,99.69244340485957
1212,2021-05-10,98.7035312280332
1213,2021-05-11,99.628647180503
1214,2021-05-12,100.02330559951139
1215,2021-05-13,99.41248117707393
1216,2021-05-14,98.74862929889144
1217,2021-05-17,99.3755270465478
1218,2021-05-18,99.73295516339638
1219,2021-05-27,98.34442052990309
1220,2021-05-28,97.90233402686492
1221,2021-05-31,97.75932434536483
1222,2021-06-01,97.30216320131372
1223,2021-06-02,98.07172191232965
1224,2021-06-03,97.6783809360699
1225,2021-06-04,96.9236417701426
1226,2021-06-07,96.17937115735704
1227,2021-06-08,96.37513670570122
1228,2021-06-09,96.90724224251872
1229,2021-06-10,97.35451196865762
1230,2021-06-11,96.19065261599837
1231,2021-06-15,96.7752299184285
1232,2021-06-24,98.40971454807865
1233,2021-06-25,96.90903447087908
1234,2021-06-28,96.1993187545447
1235,2021-06-29,97.34970883783843
1236,2021-06-30,96.60904297008841
1237,2021-07-01,98.56146578839035
1238,2021-07-02,100.69088819831279
1239,2021-07-05,100.64456704713115
1240,2021-07-06,100.16134177236657
1241,2021-07-07,100.62232906191267
1242,2021-07-08,100.39557671506809
1243,2021-07-09,102.4156980484168
1244,2021-07-12,98.32468122046122
1245,2021-07-13,99.55356125887229
1246,2021-07-14,100.77392311798867
1247,2021-07-15,100.60508984047236
1248,2021-07-16,99.25244211860125
1249,2021-07-19,99.83054488771084
1250,2021-07-20,100.48771310159113
1251,2021-07-21,102.74741536310519
1252,2021-07-22,102.70989360640729
1253,2021-07-23,101.06494417019898
1254,2021-07-26,99.72118415574076
1255,2021-07-27,95.60596967330697
1256,2021-07-28,99.81696337214576
1257,2021-07-29,99.08943313200571
1258,2021-07-30,98.10106028737866
1259,2021-08-02,98.602445804673
1260,2021-08-03,99.52293503006463
1261,2021-08-04,99.35613938173867
1262,2021-08-05,98.6391338859461
1263,2021-08-06,97.9175536179308
1264,2021-08-09,97.93234709835066
1265,2021-08-10,98.4644715071829
1266,2021-08-11,99.61712313640388
1267,2021-08-12,97.8925727973513
1268,2021-08-13,97.8359520491388
1269,2021-08-16,97.61648141523946
1270,2021-08-17,97.96526626632452
1271,2021-08-26,96.61264829254121
1272,2021-08-27,98.12744716272121
1273,2021-08-30,98.0219963911464
1274,2021-08-31,96.70412717792505
1275,2021-09-01,96.19750573832694
1276,2021-09-02,96.61256214632017
1277,2021-09-03,97.51917119532327
1278,2021-09-06,99.0924934658596
1279,2021-09-07,102.93834876043174
1280,2021-09-08,99.77202730493215
1281,2021-09-09,99.49458945589988
1282,2021-09-10,102.957817439329
1283,2021-09-13,102.4329421968514
1284,2021-09-14,99.81842512990661
1285,2021-09-23,101.45126251766065
1286,2021-09-24,103.13938825902174
1287,2021-09-27,104.14738740845151
1288,2021-09-28,103.63129826909537
1289,2021-09-29,104.05309575193267
1290,2021-09-30,103.25488742320152
1291,2021-10-08,106.81529375515915
1292,2021-10-11,103.53919820041145
1293,2021-10-12,107.41435100761932
1294,2021-10-13,104.09149964235348
1295,2021-10-14,102.47742609214087
1296,2021-10-15,104.69979421491868
1297,2021-10-18,105.23832080079768
1298,2021-10-19,109.15747444924523
1299,2021-10-20,102.45135689423452
1300,2021-10-21,102.49380122594046
1301,2021-10-22,103.2535167055339
1302,2021-10-25,102.40191214362994
1303,2021-10-26,102.33002904699195
1304,2021-10-27,103.23977339080137
1305,2021-10-28,104.05325292709138
1306,2021-10-29,101.46470755435936
1307,2021-11-01,103.08662852371585
1308,2021-11-02,102.91238288287134
1309,2021-11-03,100.24330966641537
1310,2021-11-04,101.31390064903435
1311,2021-11-05,101.82266675106352
1312,2021-11-08,99.99292190803436
1313,2021-11-09,99.11042471318963
1314,2021-11-10,98.62936168762039
1315,2021-11-11,102.60151553812796
1316,2021-11-12,101.92072308298508
1317,2021-11-15,101.91218556548749
1318,2021-11-16,103.13497846418737
1319,2021-11-25,100.8036666590097
1320,2021-11-26,99.36426162282106
1321,2021-11-29,100.59036699049967
1322,2021-11-30,99.74011073833472
1323,2021-12-01,99.1015888084662
1324,2021-12-02,99.27481609638077
1325,2021-12-03,98.95792050663137
1326,2021-12-06,100.09604148124359
1327,2021-12-07,100.53546728429495
1328,2021-12-08,98.67206263951486
1329,2021-12-09,99.88575161036324
1330,2021-12-10,98.93246160688747
1331,2021-12-13,98.95285708407116
1332,2021-12-14,99.53932346945224
1333,2021-12-23,98.11453490458611
1334,2021-12-24,98.59991912689948
1335,2021-12-27,98.49983987788532
1336,2021-12-28,96.93997492943451
1337,2021-12-29,98.8182790042453
1338,2021-12-30,98.07142757119244
1339,2021-12-31,97.02761947452728
1340,2022-01-04,97.61810291189818
1341,2022-01-05,99.15696574152568
1342,2022-01-06,98.1811494542304
1343,2022-01-07,98.32611109361952
1344,2022-01-10,97.81281149262459
1345,2022-01-11,98.26584660998377
1346,2022-01-12,98.57406305509585
1347,2022-01-13,99.03694286652295
1348,2022-01-14,96.85319870438295
1349,2022-01-17,98.59358743862339
1350,2022-01-18,100.32914724911433
1351,2022-01-19,103.68440442535389
1352,2022-01-20,100.9732532307031
1353,2022-01-21,101.5486336800169
1354,2022-01-24,101.23911681380335
1355,2022-01-25,100.34270065114043
1356,2022-01-26,101.88480363435033
1357,2022-01-27,99.92153409638308
1358,2022-01-28,96.83776495930358
1359,2022-02-07,99.69930067581
1360,2022-02-08,98.43441645334981
1361,2022-02-09,99.11605541746094
1362,2022-02-10,99.68092163792896
1363,2022-02-11,99.71549337581578
1364,2022-02-14,103.94496003798346
1365,2022-02-15,99.83388197180506
1366,2022-02-24,100.07835854634722
1367,2022-02-25,100.0929296630365
1368,2022-02-28,100.02387585061663
1369,2022-03-01,101.12629335026456
1370,2022-03-02,100.52674853801634
1371,2022-03-03,101.05676430428538
1372,2022-03-04,100.6861777926033
1373,2022-03-07,94.95499860110662
1374,2022-03-08,95.36791144705727
1375,2022-03-09,96.49824322457214
1376,2022-03-10,97.79520529382359
1377,2022-03-11,97.87391151426941
1378,2022-03-14,94.24927327366325
1379,2022-03-15,80.0425454000331
1380,2022-03-24,103.1431226207511
1381,2022-03-25,104.75642380153121
1382,2022-03-28,104.44161529069214
1383,2022-03-29,103.66198056469915
1384,2022-03-30,103.30291308328431
1385,2022-03-31,104.33627844091707
1386,2022-04-01,105.50775908847807
1387,2022-04-06,103.36750481346014
1388,2022-04-07,104.491119731783
1389,2022-04-08,104.34734463378638
1390,2022-04-11,102.769171436939
1391,2022-04-12,103.60916617218746
1392,2022-04-13,103.80686370499187
1393,2022-04-14,104.03564137889023
1394,2022-04-15,103.56585864068039
1395,2022-04-18,102.64253010572224
1396,2022-04-19,101.64336265337913
1397,2022-04-20,100.0080486162981
1398,2022-04-21,99.23862568245538
1399,2022-04-22,100.67991454333499
1400,2022-04-25,90.89408315950645
1401,2022-04-26,99.72445153171601
1402,2022-04-27,102.37313490477996
1403,2022-04-28,104.77467174551958
1404,2022-04-29,104.80318286255991
1405,2022-05-05,103.01833690792735
1406,2022-05-06,101.47119908776078
1407,2022-05-09,100.02501182119755
1408,2022-05-10,100.35321218636106
1409,2022-05-11,100.42593825243978
1410,2022-05-12,100.01424765560526
1411,2022-05-13,101.49071795941593
1412,2022-05-16,99.73412092343763
1413,2022-05-17,101.04516467915333
1414,2022-05-26,99.42902967532235
1415,2022-05-27,99.94600486735499
1416,2022-05-30,100.51086377160111
1417,2022-05-31,102.4281524266873
1418,2022-06-01,101.2259405224223
1419,2022-06-02,101.8058490100575
1420,2022-06-06,101.75521844592075
1421,2022-06-07,101.96011066860737
1422,2022-06-08,100.93440768118262
1423,2022-06-09,101.11570317516195
1424,2022-06-10,100.69913019209001
1425,2022-06-13,100.29169496509537
1426,2022-06-14,99.42785045455345
1427,2022-06-23,99.65958870009295
1428,2022-06-24,101.74281773077111
1429,2022-06-27,100.79783452814486
1430,2022-06-28,100.97120384526386
1431,2022-06-29,101.82353681950671
1432,2022-06-30,102.65910961064166
1433,2022-07-01,100.7209188513541
1434,2022-07-04,100.23900606898862
1435,2022-07-05,101.39540957366995
1436,2022-07-06,100.44415981703406
1437,2022-07-07,100.79316036159007
1438,2022-07-08,101.21457756359064
1439,2022-07-11,99.63964111490588
1440,2022-07-12,99.73200647886378
1441,2022-07-13,99.19156911667864
1442,2022-07-14,98.01360727788068
1443,2022-07-15,96.10983943873879
1444,2022-07-18,99.16105639826583
1445,2022-07-19,99.32792478950546
1446,2022-07-20,99.66728021519283
1447,2022-07-21,98.42169512704174
1448,2022-07-22,99.5786197136612
1449,2022-07-25,99.45692748581618
1450,2022-07-26,98.46312153386633
1451,2022-07-27,97.70484550365991
1452,2022-07-28,98.02123574622892
1453,2022-07-29,98.13549807076402
1454,2022-08-01,98.15231300699853
1455,2022-08-02,99.20100674188551
1456,2022-08-03,100.55948315307374
1457,2022-08-04,100.78348487821854
1458,2022-08-05,99.6497962574087
1459,2022-08-08,99.38794587396936
1460,2022-08-09,98.99873664255422
1461,2022-08-10,99.3848213352376
1462,2022-08-11,97.51919590909316
1463,2022-08-12,98.45120488228163
1464,2022-08-15,98.54498790142316
1465,2022-08-16,97.72289977087183
1466,2022-08-25,100.87266647910603
1467,2022-08-26,100.0476313523982
1468,2022-08-29,101.40009007587801
1469,2022-08-30,100.32029244238153
1470,2022-08-31,100.39590594206156
1471,2022-09-01,101.06952486838198
1472,2022-09-02,100.65659446584043
1473,2022-09-05,101.36342412403259
1474,2022-09-06,100.33148540958966
1475,2022-09-07,100.53520311560432
1476,2022-09-08,99.52898147960445
1477,2022-09-09,100.9546652566485
1478,2022-09-13,101.46134033415957
1479,2022-09-14,102.2390248269507
1480,2022-09-15,103.02179278651593
1481,2022-09-16,100.96733172954715
1482,2022-09-19,101.46632910974071
1483,2022-09-20,101.91221680920096
1484,2022-09-29,100.97703538595326
